offsetHex,offsetDecimal,type,BASELINE,POPULACAO_MAIS_1,CAPACIDADE_AUMENTOU,POPULACAO_MAIS_1_NOVAMENTE,POPULACAO_MENOS_1
0x0085,133,Int32,-1275068416,-1409286144,150994944,-2063597568,-1610612736
0x0085,133,UInt32,3019898880,2885681152,150994944,2231369728,2684354560
0x0085,133,Float32,-1.1920929E-07,-1.8189894E-12,1.540744E-33,-6.018531E-36,-1.0842022E-19
0x0086,134,Int32,330563584,330039296,302579712,327483392,111149056
0x0086,134,UInt32,330563584,330039296,302579712,327483392,111149056
0x0086,134,Float32,4.543839E-27,4.3418904E-27,4.322958E-28,3.357392E-27,6.018531E-35
0x0087,135,Int16,-19456,-21504,2304,-31488,-24576
0x0087,135,UInt16,46080,44032,2304,34048,40960
0x0087,135,Int32,68400128,68398080,68290816,68388096,67543040
0x0087,135,UInt32,68400128,68398080,68290816,68388096,67543040
0x0087,135,Float32,1.7362419E-36,1.7358745E-36,1.716635E-36,1.7340838E-36,1.5825093E-36
0x0088,136,UInt8,180,172,9,133,160
0x0088,136,Int16,5044,5036,4617,4997,1696
0x0088,136,UInt16,5044,5036,4617,4997,1696
0x0088,136,Int32,285479860,369365932,721687049,1292112773,-1509685600
0x0088,136,UInt32,285479860,369365932,721687049,1292112773,2785281696
0x0088,136,Float32,1.0419035E-28,1.0669082E-25,4.692085E-13,138491980,-4.580568E-16
0x0089,137,UInt8,19,19,18,19,6
0x0089,137,Int16,1043,1043,1042,1043,1030
0x0089,137,UInt16,1043,1043,1042,1043,1030
0x0089,137,Int32,1115155,1442835,2819090,5047315,10880006
0x0089,137,UInt32,1115155,1442835,2819090,5047315,10880006
0x0089,137,Float32,1.562665E-39,2.021842E-39,3.950386E-39,7.072795E-39,1.5246136E-38
0x008A,138,Int16,4356,5636,11012,19716,-23036
0x008A,138,UInt16,4356,5636,11012,19716,42500
0x008A,138,Int32,4356,5636,11012,19716,42500
0x008A,138,UInt32,4356,5636,11012,19716,42500
0x008A,138,Float32,6.104E-42,7.898E-42,1.5431E-41,2.7628E-41,5.9555E-41
0x008B,139,UInt8,17,22,43,77,166
0x008B,139,Int16,17,22,43,77,166
0x008B,139,UInt16,17,22,43,77,166
0x008B,139,Int32,17,22,43,77,166
0x008B,139,UInt32,17,22,43,77,166
0x008B,139,Float32,2.4E-44,3.1E-44,6E-44,1.08E-43,2.33E-43
0x0101,257,Int32,1292858248,-15764600,-1861258360,-485526648,1611625352
0x0101,257,UInt32,1292858248,4279202696,2433708936,3809440648,1611625352
0x0101,257,Float32,150419580,-1.9067948E+38,-1.1316312E-28,-2.6462093E+21,4.134702E+19
0x0102,258,Int32,1380781939,-402714765,1787891571,300093299,1264586611
0x0102,258,UInt32,1380781939,3892252531,1787891571,300093299,1264586611
0x0102,258,Float32,2.2018187E+11,-2.4089769E+24,8.76836E+25,3.5823806E-28,14684019
0x0103,259,Int16,19727,-241,-28401,-7409,24591
0x0103,259,UInt16,19727,65295,37135,58127,24591
0x0103,259,Int32,-1269674737,-1259864305,-1251307249,-1240341745,-1236574193
0x0103,259,UInt32,3025292559,3035102991,3043660047,3054625551,3058393103
0x0103,259,Float32,-1.9585808E-07,-4.3212682E-07,-8.738288E-07,-2.173885E-06,-3.030527E-06
0x0104,260,UInt8,77,255,145,227,96
0x0104,260,Int16,21069,-6145,27281,4579,19296
0x0104,260,UInt16,21069,59391,27281,4579,19296
0x0104,260,Int32,347361869,347400191,347433617,347476451,347491168
0x0104,260,UInt32,347361869,347400191,347433617,347476451,347491168
0x0104,260,Float32,1.8207817E-26,1.8266862E-26,1.8318362E-26,1.8384359E-26,1.8407034E-26
0x0105,261,UInt8,82,231,106,17,75
0x0105,261,Int16,-19374,-19225,-19094,-18927,-18869
0x0105,261,UInt16,46162,46311,46442,46609,46667
0x0105,261,Int32,-199969710,-199969561,-199969430,-199969263,-199969205
0x0105,261,UInt32,4094997586,4094997735,4094997866,4094998033,4094998091
0x0105,261,Float32,-4.71263E+31,-4.712702E+31,-4.712765E+31,-4.712846E+31,-4.712874E+31
0x0106,262,UInt8,180,180,181,182,182
0x0106,262,Int16,5300,5300,5301,5302,5302
0x0106,262,UInt16,5300,5300,5301,5302,5302
0x0106,262,Int32,32773300,32773300,32773301,32773302,32773302
0x0106,262,UInt32,32773300,32773300,32773301,32773302,32773302
0x0106,262,Float32,8.966115E-38,8.966115E-38,8.966116E-38,8.9661163E-38,8.9661163E-38
0x0455,1109,Int32,-855638016,-1526726656,1224736768,-872415232,-956301312
0x0455,1109,UInt32,3439329280,2768240640,1224736768,3422552064,3338665984
0x0455,1109,Float32,-134217730,-1.110223E-16,524288,-33554432,-32768
0x0456,1110,Int32,332201984,329580544,323551232,332136448,331808768
0x0456,1110,UInt32,332201984,329580544,323551232,332136448,331808768
0x0456,1110,Float32,5.1749275E-27,4.1651856E-27,2.5369767E-27,5.149684E-27,5.0234662E-27
0x0457,1111,Int16,-13056,-23296,18688,-13312,-14592
0x0457,1111,UInt16,52480,42240,18688,52224,50944
0x0457,1111,Int32,68406528,68396288,68372736,68406272,68404992
0x0457,1111,UInt32,68406528,68396288,68372736,68406272,68404992
0x0457,1111,Float32,1.7373898E-36,1.7355531E-36,1.7313287E-36,1.737344E-36,1.7371143E-36
0x0458,1112,UInt8,205,165,73,204,199
0x0458,1112,Int16,5069,5029,4937,5068,5063
0x0458,1112,UInt16,5069,5029,4937,5068,5063
0x0458,1112,Int32,100930509,386143141,-1073474743,755241932,1107563463
0x0458,1112,UInt32,100930509,386143141,3221492553,755241932,1107563463
0x0458,1112,Float32,2.4840988E-35,4.2676295E-25,-2.063677,7.507727E-12,33.019314
0x0459,1113,Int32,990250003,991364115,1002439699,992805907,994182163
0x0459,1113,UInt32,990250003,991364115,1002439699,992805907,994182163
0x0459,1113,Float32,0.0020449206,0.00230432,0.0058598607,0.0026400134,0.002960448
0x045A,1114,Int16,1540,5892,-16380,11524,16900
0x045A,1114,UInt16,1540,5892,49156,11524,16900
0x045A,1114,Int32,37422596,37426948,37470212,37432580,37437956
0x045A,1114,UInt32,37422596,37426948,37470212,37432580,37437956
0x045A,1114,Float32,1.3740317E-37,1.3745195E-37,1.3793696E-37,1.3751509E-37,1.3757536E-37
0x045B,1115,UInt8,6,23,192,45,66
0x045B,1115,Int16,15110,15127,15296,15149,15170
0x045B,1115,UInt16,15110,15127,15296,15149,15170
0x045B,1115,Int32,146182,146199,146368,146221,146242
0x045B,1115,UInt32,146182,146199,146368,146221,146242
0x045B,1115,Float32,2.04845E-40,2.04868E-40,2.05105E-40,2.04899E-40,2.04929E-40
0x0539,1337,Int32,234959888,-1778306032,1845572624,-184470512,-369019888
0x0539,1337,UInt32,234959888,2516661264,1845572624,4110496784,3925947408
0x0539,1337,Float32,1.5925545E-30,-1.0436965E-25,9.996626E+27,-1.6378473E+32,-3.904932E+25
0x053A,1338,Int32,-1760689868,-610926284,1231946036,32833844,1055523124
0x053A,1338,UInt32,2534277428,3684041012,1231946036,32833844,1055523124
0x053A,1338,Float32,-4.5884193E-25,-8.444514E+16,974867.25,9.000051E-38,0.45704043
0x053B,1339,Int16,3585,-27135,28161,-2815,-5631
0x053B,1339,UInt16,3585,38401,28161,62721,59905
0x053B,1339,Int32,-1281946111,-1260677631,-1253478911,-1241385727,-1237390847
0x053B,1339,UInt32,3013021185,3034289665,3041488385,3053581569,3057576449
0x053B,1339,Float32,-7.034033E-08,-4.090107E-07,-7.503841E-07,-1.936511E-06,-2.8448414E-06
0x053C,1340,UInt8,14,150,110,245,234
0x053C,1340,Int16,-26866,-9322,18798,501,16106
0x053C,1340,UInt16,38670,56214,18798,501,16106
0x053C,1340,Int32,347313934,347397014,347425134,347472373,347487978
0x053C,1340,UInt32,347313934,347397014,347425134,347472373,347487978
0x053C,1340,Float32,1.8133962E-26,1.8261967E-26,1.8305292E-26,1.8378076E-26,1.8402119E-26
0x053D,1341,UInt8,151,219,73,1,62
0x053D,1341,Int16,-19561,-19237,-19127,-18943,-18882
0x053D,1341,UInt16,45975,46299,46409,46593,46654
0x053D,1341,Int32,1356695,1357019,1357129,1357313,1357374
0x053D,1341,UInt32,1356695,1357019,1357129,1357313,1357374
0x053D,1341,Float32,1.901135E-39,1.901589E-39,1.901743E-39,1.902E-39,1.902086E-39
0x053E,1342,UInt8,179,180,181,182,182
0x053E,1342,Int16,5299,5300,5301,5302,5302
0x053E,1342,UInt16,5299,5300,5301,5302,5302
0x053E,1342,Int32,5299,5300,5301,5302,5302
0x053E,1342,UInt32,5299,5300,5301,5302,5302
0x053E,1342,Float32,7.425E-42,7.427E-42,7.428E-42,7.43E-42,7.43E-42
0x0545,1349,Int32,330512,330512,330512,330512,1292176144
0x0545,1349,UInt32,330512,330512,330512,330512,1292176144
0x0545,1349,Float32,4.63146E-40,4.63146E-40,4.63146E-40,4.63146E-40,139505920
0x0546,1350,Int32,1291,1291,1291,1291,38601995
0x0546,1350,UInt32,1291,1291,1291,1291,38601995
0x0546,1350,Float32,1.809E-42,1.809E-42,1.809E-42,1.809E-42,1.5062469E-37
0x0547,1351,Int16,5,5,5,5,19717
0x0547,1351,UInt16,5,5,5,5,19717
0x0547,1351,Int32,5,5,5,5,150789
0x0547,1351,UInt32,5,5,5,5,150789
0x0547,1351,Float32,7E-45,7E-45,7E-45,7E-45,2.113E-40
0x0548,1352,UInt8,0,0,0,0,77
0x0548,1352,Int16,0,0,0,0,589
0x0548,1352,UInt16,0,0,0,0,589
0x0548,1352,Int32,0,0,0,0,589
0x0548,1352,UInt32,0,0,0,0,589
0x0548,1352,Float32,0,0,0,0,8.25E-43
0x0549,1353,UInt8,0,0,0,0,2
0x0549,1353,Int16,0,0,0,0,2
0x0549,1353,UInt16,0,0,0,0,2
0x0549,1353,Int32,0,0,0,0,67108866
0x0549,1353,UInt32,0,0,0,0,67108866
0x0549,1353,Float32,0,0,0,0,1.5046331E-36
0x054A,1354,Int32,0,0,0,0,262144
0x054A,1354,UInt32,0,0,0,0,262144
0x054A,1354,Float32,0,0,0,0,3.67342E-40
0x054B,1355,Int16,0,0,0,0,1024
0x054B,1355,UInt16,0,0,0,0,1024
0x054B,1355,Int32,0,0,0,0,-1828715520
0x054B,1355,UInt32,0,0,0,0,2466251776
0x054B,1355,Float32,0,0,0,0,-1.6157843E-27
0x054C,1356,UInt8,0,0,0,0,4
0x054C,1356,Int16,0,0,0,0,4
0x054C,1356,UInt16,0,0,0,0,4
0x054C,1356,Int32,0,0,0,0,9633796
0x054C,1356,UInt32,0,0,0,0,9633796
0x054C,1356,Float32,0,0,0,0,1.3499824E-38
0x054D,1357,Int16,0,0,0,0,-27904
0x054D,1357,UInt16,0,0,0,0,37632
0x054D,1357,Int32,0,0,0,0,-486501632
0x054D,1357,UInt32,0,0,0,0,3808465664
0x054D,1357,Float32,0,0,0,0,-2.3717757E+21
0x054E,1358,UInt8,0,0,0,0,147
0x054E,1358,Int16,0,0,0,0,147
0x054E,1358,UInt16,0,0,0,0,147
0x054E,1358,Int32,0,0,0,0,31654035
0x054E,1358,UInt32,0,0,0,0,31654035
0x054E,1358,Float32,0,0,0,0,8.3387454E-38
0x054F,1359,Int16,0,0,0,0,-7424
0x054F,1359,UInt16,0,0,0,0,58112
0x054F,1359,Int32,0,0,0,0,1912726272
0x054F,1359,UInt32,0,0,0,0,1912726272
0x054F,1359,Float32,0,0,0,0,2.5726715E+30
0x0550,1360,UInt8,0,0,0,0,227
0x0550,1360,Int16,0,0,0,0,483
0x0550,1360,UInt16,0,0,0,0,483
0x0550,1360,Int32,0,0,0,0,7471587
0x0550,1360,UInt32,0,0,0,0,7471587
0x0550,1360,Float32,0,0,0,0,1.0469923E-38
0x0551,1361,UInt8,0,0,0,0,1
0x0551,1361,Int16,0,0,0,0,29185
0x0551,1361,UInt16,0,0,0,0,29185
0x0551,1361,Int32,0,0,0,0,29185
0x0551,1361,UInt32,0,0,0,0,29185
0x0551,1361,Float32,0,0,0,0,4.0897E-41
0x0552,1362,UInt8,0,0,0,0,114
0x0552,1362,Int16,0,0,0,0,114
0x0552,1362,UInt16,0,0,0,0,114
0x0552,1362,Int32,0,0,0,0,114
0x0552,1362,UInt32,0,0,0,0,114
0x0552,1362,Float32,0,0,0,0,1.6E-43
